Political Lean,Score,Subreddit,Num of Comments,body
Liberal,516,alltheleft,5,Unheard of for a homo economicus 
Liberal,18,alltheleft,6,Xi Jinping: â€œMarxism is winning the global ideological warâ€ 
Liberal,14,alltheleft,1,"(+3209) President Obama: ""Send me a bill that bans insider trading by members of Congress, I will sign it tomorrow."" "
Conservative,14,Libertarian,15,Study: Seattle's Soda Tax Has Been Great forâ€¦Beer Sales? The substitution effect is real. 
Conservative,0,Libertarian,15,"The comeuppance of Gen X Was watching the super bowl last night and during the halftime show something really struck me: Gen X will have it's comeuppance in politics.  The boomers will become less relevant, and a new generation will take over. 

I was 15 years old when I got a copy of The Chronic on cassette (1993).  That was damn near 30 years ago. None of the other songs performed  last night were less than 20 years old. This puts me at late Gen X (1977; now 44 y.o.)

If our country can hold itself together for another 10 years it'll be Gen X who has the time and money to run for office. As the boomers are doing now, Gen X will have the chance to reshape our government in accordance with their values. Its hi-fucking-larious that Snoop Dogg and Dr. Dre have become the standard bearers of at least a portion of those values. Anti-police, pro-gun, anti-drug war. 

Gen X will inherit this government. The super bowl halftime was just a friendly reminder. 

Thoughts?"
Liberal,57,SocialDemocracy,57,"Why is the UK labour party a failed political party? The title is a bold statement, yet I would argue that it is true. The UK Labour party has not held power for 11 years, and will most likely not get a chance to regain power until they reach 14 years in opposition. But this is not a unique situation. The Labour party has for a long time been defined by its inability to gain and then keep power. This has resulted in a tory-dominated UK. Why is this the situation? What systemic issue is social democracy facing in the UK? What could be done to address it?"
Liberal,27,alltheleft,4,"Texas is going to freeze again, lol. "
Conservative,2,Capitalism,0,How leftist saviours ruined latin america 
Conservative,4,Capitalism,77,Marxist Admits Work is Meaningful and Fulfilling 
Conservative,2,Capitalism,0,https://gab.com/DomPachino/posts/107232745174830299 
Liberal,263,SocialDemocracy,43,A meme on the socialism or social democracy nomenclature debate 
Conservative,1,Capitalism,0,If you have timeâ€¦ The first part of this is pretty well laid out and very informative explaining Capitalism and Communism. And the last 45 mins is Extremely Detailed 
Conservative,28,conservatives,2,"Very quietly, 2 federal agencies are studying post-vaccination neurological issues "
Liberal,3,alltheleft,1,US Muslims call for action as â€˜spyingâ€™ incidents shake community 
Conservative,235,conservatives,40,"Democrats forcing retailers to remove Russian vodka from their stores don't understand business. Russia has already been paid for the vodka on US shelves. Removing the bottles screws over store owners, not Putin. "
Conservative,250,Capitalism,337,"""Over time, capitalism enables us to work less to get the same amount of stuff. Ironically, anti work folks should be pro capitalism""  Found here [https://twitter.com/cafreiman/status/1484516228014170113](https://twitter.com/cafreiman/status/1484516228014170113)"
Conservative,34,conservatives,2,Found this gem on Russia Ukraine war ðŸ¤£ 
Liberal,296,alltheleft,70,Aged like fine milk 
Liberal,8,SocialDemocracy,6,"Liberalism, Socialism, and Democracy "
Liberal,23,SocialDemocracy,13,*SNEAK PEAK* Debating the Largest Conservative Community on Discord | Goldie gets a second chance 
Conservative,23,Libertarian,13,The ATF Suggests You Call SWAT Raids on Your Exes for Valentine's Day. Ever wonder where people get the idea that police are thin-skinned bullies? 
Liberal,20,alltheleft,1,Based 
Conservative,3,Capitalism,32,What happens when there is a demand for government? Semi-serious question. Should we allow the supply of government meet the demand for it?
Conservative,7,conservatives,2,Bernie Sanders scolds Trump over Putin praise: 'Outrageous' 
Liberal,513,alltheleft,11,My GF asking me not to prematurely finish 
Conservative,216,Libertarian,44,Texas Cop Vapes Confiscated Weed on Cruiser Camera 
Conservative,9,Libertarian,31,"The popular ""temporarily embarrassed millionaires"" quote by John Steinbeck is about privileged communists, not poor people thinking they will become rich It amazes me how many people misinterpret the origins of this quote. 

>As quoted in A Short History of Progress (2004) by Ronald Wright: ""John Steinbeck once said that socialism never took root in America because the poor see themselves not as an exploited proletariat but as temporarily embarrassed millionaires."" This has since been cited as a direct quote by some, but the remark is very likely a paraphrase from Steinbeck's article ""A Primer on the '30s."" Esquire (June 1960), p. 85-93:  
>  
>**""Except for the field organizers of strikes, who were pretty tough monkeys and devoted, most of the so-called Communists I met were middle-class, middle-aged people playing a game of dreams. I remember a woman in easy circumstances saying to another even more affluent: 'After the revolution even we will have more, won't we, dear?'** Then there was another lover of proletarians who used to raise hell with Sunday picknickers on her property...""  
>  
>**""...I guess the trouble was that we didn't have any self-admitted proletarians. Everyone was a temporarily embarrassed capitalist. Maybe the Communists so closely questioned by the investigation committees were a danger to America, but the ones I knew â€” at least they claimed to be Communists â€” couldn't have disrupted a Sunday-school picnic.** Besides they were too busy fighting among themselves.""

[https://en.wikiquote.org/wiki/John\_Steinbeck#Disputed](https://en.wikiquote.org/wiki/John_Steinbeck#Disputed)"
Liberal,19,SocialDemocracy,14,"Proposal for how a market socialist ""stock"" market could work Hello,

So I know that this sub is mainly soc dems and dem socs, but I honestly think you guys can get on board with this too. Will post in other subs as well.

So, the whole idea of a market socialism is that the workers own the companies they work at. I like that idea for a lot of reasons, but one very common criticism is that these coops may have trouble with funding. I have spent a great deal of time thinking about this issue and I have come up with several solutions. I have discussed three of them elsewhere (bond market, credit unions, and crowdfunding) but now I have an idea that I think even a capitalist would agree would work on a large scale.

Here it is:

So the issue that a lot of coops are trying to solve is the same that I have with capitalism: the right to absentee ownership. Basically, the idea is this: If a capitalist buys some machine and hires a worker to work on it, the capitalist can take some of the money generate by the worker so long as they own the machine (the worker doesn't get full value of labor). It would be fair for the capitalist to be compensate for the cost of buying the machine, but not have profits from it forever. If the worker ever says ""hey, screw this, I don't want to send excess money to the guy sitting around doing nothing"" then the capitalist can use police or the state to reclaim their property. Essentially the worker is forced to work at a lower rate than what they provide.

This is the key problem with capitalism (for me at least). We could argue about that issue, but that's not the point of this post. The point is my solution. So if the issue is permanent private absentee ownership, wouldn't it be ok if the coop sold a futures contract based on some preferred stock (non-voting stock representing some ownership of the firm and entitlement to profits). Basically the idea is this: A futures contract is a legal entity wherein an asset is agreed to be bought or sold at a particular price at a particular time. So what if the futures contract was tied to preferred stock (meaning the coop would buy back the stock at a given price and time). This would allow temporarily allow trading of stock in the coop. It would not be permanent, as it is time limited, and, because the workers are the ones writing the deal, they would set it up so that the value coming from trading the stock at that time is greater than any cost, thus ensuring no worker exploitation (they're not gonna try and exploit themselves or undersell themselves, they want the highest price possible).

In short, you basically have a stock market that's actually based on futures contracts based on preferred stock. Right now, many coops have investor members and owners of stock, and others sell preferred stock, so this could be built on already existing systems.

&#x200B;

What do you think? Any critiques/criticisms? Any way this can be improved?

&#x200B;

Thanks!"
Conservative,6,conservatives,0,"Whole Foods building a ""Just Walk Out"" store in DC? In a deep blue city? Yep, I bet that's what quite a few do. Just. Walk.Out. "
Liberal,26,alltheleft,3,Haiti hikes minimum wage by up to 54% following worker protests 
Conservative,0,Libertarian,5,"Wah, the corporations being greedy are the cause of inflation!!1!1!1! Not the government whoâ€™s in charge of printing money!1!1!1! "
Liberal,1689,alltheleft,91,Can you really say you love her if you wonâ€™t buy her child slave mined rocks? 
Liberal,35,SocialDemocracy,20,Is anyone here a member of Social Democrats USA or know anyone who is? 
Conservative,0,Libertarian,59,Democratic Socialist of America says US 'set the stage' for Russia's invasion calls on US to leave NATO 
Liberal,14,alltheleft,1,"The anti-Asian origins of the ""soy boy"" slur "
Liberal,34,SocialDemocracy,1,"Pre-K is day care, but free day care is a good idea. "
Conservative,0,Libertarian,38,"Is this sub-reddit leftwing, rightwing or center ist? Someone looking to join"
Conservative,0,Libertarian,27,"Ukraine/Russia If you chose a side, we know which side of the political spectrum you are on. If you see that it is not our problem and we shouldnâ€™t give 2 shits, we see youâ€™re a libertarian. Not gatekeeping, but I see a lot of people who are missing the big picture here."
Conservative,31,conservatives,9,"Ukrainian Defenders Used Javelin Anti-Tank Missiles Neutralizing Column Of 15 Russian Tanks, Russian Brigade Surrenders "
Conservative,5,Capitalism,3,"Examples of positive non-interventionism? Hong Kong's economic policy has been described as [Positive non-interventionism](https://en.wikipedia.org/wiki/Positive_non-interventionism). With it's founder, [John Cowperthwaite](https://en.wikipedia.org/wiki/John_James_Cowperthwaite) going so far as to ban the collection of economic data to discourage government intervention:

>He refused to compile GDP statistics arguing that such data was not useful to managing an economy and would lead to officials meddling in the economy. He was once asked what the key thing that poor countries could do to improve their growth. He replied: **""They should abolish the office of national statistics.""**

This banning of even collecting statistics is even more anti-government than most libertarians I've seen.

Has any other economy taken Cowperthwaite's advice?

Are there any other examples, besides Hong Kong, with similar examples of government intentionally adopting extreme non-interventionism?"
Liberal,37,SocialDemocracy,39,"In defense of the ""gentrification building"" "
Liberal,1,alltheleft,2,"Jeep driver flattens 4 antivaxers in Winnipeg, apparently for apolitical reasons. ""The man isn't for or against what is happening in the country right now."" "
Conservative,267,Libertarian,94,Canadian authorities probe leaked messages of police allegedly celebrating injuring protesters 
Conservative,18,Libertarian,44,Recalled San Francisco School-Board President Claims â€˜White Supremacistsâ€™ Are to Blame for Her Loss 
Conservative,9,conservatives,0,DeSantis gets rock star treatment at CPAC 
Conservative,1,Capitalism,13,"Fuck Carvana, Zillow, etc. I live in one of the poorer parts of the US.  Internet based companies are driving up prices of necessities that are normally priced based on region.  Poorer regions used to mean cheaper cars and houses.  Now companies like Zillow and Carvana are buying everything up and pricing it as if it were in a wealthier part of the country."
Conservative,0,Libertarian,1,***WOW*** Listen to every word this Canadian veteran has to say! 
Conservative,1,conservatives,0,Russian Defense Ministry Warns Of â€˜High-Precision Strikesâ€™ In Kyiv 
Conservative,0,Libertarian,7,"A Segway to the new â€œemergencyâ€ Did Russia wear their masks and social distance? No?

CDC, you should fine Russia. How dare they put us all in danger with their dangerous behavior.

Yeah I know they invaded the Ukraine, but Iâ€™m being deprived of empathy so please forgive that I donâ€™t care.

Thatâ€™s the point of the masks. To deprive you of empathy.

Itâ€™s psychological torture, used pretty common in China prisons.

Thanks for coming to my ted talk."
Liberal,47,SocialDemocracy,1,"John Deere doubles wage increases, boosts retirement benefits in second offer to striking UAW workers "
Conservative,122,Capitalism,213,"""Socialists ignore the side of man that is the spirit. They can provide shelter, fill your belly with bacon and beans, treat you when you are ill, all the things that are guaranteed to a prisoner or a slave. They donâ€™t understand that we dream â€“ yes even of some time owning a yacht."" Ronald Reagan "
Liberal,0,SocialDemocracy,17,"Am I the only one irked by president Biden pledging to nominate a black woman to the supreme court? I hate to say it but I agreed with what Ted Cruz said even though I'm pretty left wing. To me this seems like an extension of the kind of corporate social justice spreading into our government where it absolutely need not be.

I mean we're not talking about pledging to hire a black women to be the head of some rinky dinky Gatorade factory down in Florida, we're talking about the damn supreme court.

The supreme court should consist of the most knowledgeable legal scholars in the country, we should be judging who we bring onto the supreme court by their knowledge and practical experience rather than by their damn race, religion, age, sexuality, gender, and/or economic status. I mean, Is that a crazy thing to say?

I remember being given the position of Vice President of my high school chapter of The Future Business Leaders of America (I'm 19 now and barely graduated high school, I know that has literally zero comparison to the being a supreme court justice). I remember working harder than any of the other people running. I wrote a 1,000 word essay as to why I should be VP while the other candidates wrote as much 100 words, I talked to the members of the FBLA to gain their support, I walked around the school trying to get more people to join the club. I wanted that position and I got it!

Now, if you told me I got the position because I was a gay arab man well I would punch you in the face (Don't mess with me I've been working out and taking boxing classes. JK!). You see to gain a position just because of immutable characteristics is extremely unamerican. You work hard, you gain experience, you teach yourself. That's what it's about not race and I know luck has so many things to do with it such as being born into a rich family.

Of course for me I would love to see a gay arab man become a supreme court justice that would be absolutely amazing! But I would only love to see it, if it was deserved, because what does it matter if a gay arab man becomes a supreme court justice if he wasn't the most qualified candidate. I want to see a gay arab man rise above the heterosexuals, the whites, e.t.c.. I want to see him rise because of his grit, hard work, persistence, and knowledge not because he's gay and arab.

Just had to share this because it's really bothering me lately how many people that I watch want to say that people don't support this because they're racist, but that is so far from the truth."
Conservative,1,Libertarian,0,Select Russian banks are being booted off the SWIFT bank messaging system 
Conservative,0,Libertarian,99,"Whereâ€™s the Canadian Antifa? Considering the clearly fascist moves Trudeau is making, whatâ€™s the Canadian Antifa position?"
Conservative,19,Capitalism,6,Ana Kasparian CRIES About Mark Cuban 
Conservative,12,conservatives,0,STOLEN elections have consequences. Stay strong. 
Liberal,6,alltheleft,1,"Holy shit, how have I never heard of this dude before??? His life story is based as fuck "
Liberal,42,SocialDemocracy,13,Saw this on a leftist page. 
Liberal,63,alltheleft,10,"Yâ€™all, should I join? "
Conservative,4,conservatives,0,"The New York Times Magazine, noting that the KGB of the seventies that Putin joined was no longer really a murder factory but just another â€œthinking corporation,â€ even compared him once to Russiaâ€™s first true Western-looking leader: "
Conservative,14,Libertarian,21,California bill would allow citizens to enforce weapons ban 
Liberal,4,alltheleft,1,War is A Racket: Defund and De-Escalate | Revolutions Per Minute - Radio from NYC DSA 
Liberal,57,alltheleft,4,Now imagine 30-50 of them 
Liberal,9,alltheleft,1,Stand With Kazakhstan! 
Liberal,216,alltheleft,6,Economic news in memes 
Conservative,0,Libertarian,4,Dictatorship in Canada: Some of the Emergencies Act Provisions to be PERMANENT 
Liberal,17,alltheleft,20,What do you think about Russian anti-war protesters? 
Liberal,1,alltheleft,4,Is Russia gonna invade Ukraine? 
Liberal,99,alltheleft,17,Check the Comments on this one out....just wild 
Conservative,65,conservatives,9,These ðŸ¤¡s 
Conservative,2,Capitalism,14,Why Socialism Creates Authoritarian Regimes 
Conservative,2,Capitalism,0,Economic Freedom of the World 
Liberal,7,SocialDemocracy,3,"Are "" a toothless leviathan"" a good description of a social democratic society? By that I mean a state which encourages its citizens to make the ""right"" choice primarily through positive reinforcement.

Example: A state which seeks to primarily prevent crime through social programs and such, but when a crime is committed instead of only punishing the individual also seeks to rehabilitate the individual."
Liberal,466,alltheleft,9,"John Maclean, Scottish revolutionary, Bolshevik consul to Scotland, ""Scotlands Lenin"", advocated for Irish independance and anti-British imperialism. Died aged 44 of pneumonia days after giving his coat to a destitute man. A true hero who should never be forgotten. "
Conservative,10,conservatives,0,"Trump Was Right: Warned Germany, EU About Relying on Nord Stream 2, Russian Fuel Years Ago "
Liberal,34,alltheleft,3,Fucked around and found out 
Liberal,110,SocialDemocracy,11,"My thanks to this community and the mod team Hey all, 

You may or may not have seen my videos being posted in the last year on this subreddit. I just wanted to say this community has been super supportive and I wanted to thank everyone who has checked out one of my videos and/or simply tolerated my posting in this community. From the reddit to the discord, I've had nothing but great experiences with the mod team and community at-large. 

I went from 0 subscribers to nearly 8,000 in a year or so, and it started with the help of niche communities like these. I hope everyone had a good holiday season. 

Thanks again, 

Econo"
Liberal,12,SocialDemocracy,6,Trust busting I feel like socialists and capitalists both have a motive to stop monopolies. How would you bust the trusts and stop monopolies from forming?
Liberal,13,alltheleft,1,"In Closed-Door Talks, the U.S. and E.U. Are Excluding Covid-19 Tests, Antivirals From Intellectual Property Waiver Negotiations "
Liberal,9,alltheleft,1,Americaâ€™s racist prison society produces profits but not safety 
Liberal,1710,alltheleft,58,Good dad 
Liberal,2,SocialDemocracy,1,What Makes Basic Income Durable? 
Conservative,0,Capitalism,149,How do we get the scum of antiwork back to work? Any ideas?
Conservative,11,Capitalism,3,"The Forgotten Depression: 1921: The Crash That Cured Itself In 1920, the American economy entered what would presently be diagnosed as a depression.  The successive administrations of Woodrow Wilson and Warren G. Harding met the downturn by seeming to ignore it -- or by implementing policies that an average 21st century economist would judge disasterous.  Confronted with plunging prices, incomes and employment, the government balanced the budget and, through the newly instituted Federal Reserve, raised interest rates.  By the lights of Keynesian and monetarist doctrine alike, no more primitive or counterproductive policies could be imagined.  Yet by 1921, a powerful, job-filled recovery was under way.  This is the story of America's last governmentally unmedicated depression.

\-- James Grant, *The Forgotten Depression: 1921: The Crash That Cured Itself*"
Conservative,119,Capitalism,18,"""History suggests that capitalism is a necessary condition for political freedom."" Milton Friedman "
Conservative,23,Capitalism,31,"""The principles of wealth creation transcend time, people and place. Governments which deliberately subvert them by denouncing God, smothering faith, destroying freedom, and confiscating wealth have impoverished their people."" Ronald Reagan Speech, June 22, 1983 "
Conservative,1,conservatives,0,Elon Musk Delivers Starlink Satellite Internet To Keep Ukraine Online 
Liberal,367,alltheleft,9,Fighting spirit 
Conservative,15,Capitalism,8,One of the funnier posts Iâ€™ve seen on that subreddit 
Conservative,13,Capitalism,3,China's Debt Trap Diplomacy in Africa 
Conservative,864,Libertarian,228,Elon Musk Says Starlink Satellite Internet is Now Active Over Ukraine After Plea from Vice Prime Minister 
Conservative,10,conservatives,0,â€˜Entire World Is Watchingâ€™: Manchin Joins Calls For Russian Oil Import Ban 
Conservative,660,Libertarian,617,"No Masks @ the Super Bowl? Watched the super bowl a couple nights ago. Not much of an (American) football fan. Anyways I noticed that there was obviously a sold out crowd. It's LA, a city in which there has been more regulations than I can even remember, and yet, everyone just doesn't care about COVID protocol at the super bowl. Guess what? I don't either. I just think it's funny that the only people who don't get harassed for not ""Protecting others properly"" are the ones who can afford a ticket to that game. Does this mean we can stop the act?"
Conservative,4,conservatives,2,"Rejecting US evacuation offer, Zelensky says: I need anti-tank ammo, 'not a ride' "
Conservative,293,Libertarian,84,Minneapolis Park Officer Pulls Gun on Black Woman after Seeing Her Gun License 
Conservative,2,Libertarian,0,Long-Term Studies Of COVID-19 Vaccines Hurt By Placebo Recipients Getting Immunized 
Conservative,11,conservatives,3,Democrats ask Biden to tap strategic petroleum reserve again 
Conservative,0,Libertarian,2,This is quite interesting 
Liberal,191,SocialDemocracy,56,"Members of the EU Parliament who voted against aiding Ukraine, shared on r/YUROP. Note that it's mostly the far-left and the far-right. "
Liberal,511,alltheleft,27,I think the COVID crash broke Robert Reich 
Liberal,2,alltheleft,1,Beyond the Capitalist Paradigm of Destruction: Generative Chaos 
Liberal,13,alltheleft,1,"Day #6 of me posting a Socialist Leader for every day in January - Nyerere **JULIUS NYERERE (1922-1999)**

Neyerere was born into the family of a cheif of the Zanaki People on the 13th April 1922, during his childhood he stayed with his mother (one of his father's many wives) and assited her with farming and other domestic tasks. the communal living style of the Zanaki people would later have an infuence on the Political beliefs of Nyrere. During the 1930s, due to beings a cheif's son Nyerere was allowed a western style education, during his education he was noted as an exellent student, it was here that he was first exposed to Christianity, becoming a Catholic in 1942 following the death of his father. He adopted the ''Christian name'' of Julius following his conversion, although was said to have remaked that the custom of taking a Christian name following a batism was ''silly''. Between 1943-47 Nyerere was in higher education at the Makerere collage in Kampala. During the late 1940s Nyerere worked as a teacher, and briefly as a price inspector for the local government. during this time he met, fell in love with and subsequently became informally engaged to Maria Gabriel (despite being in an arranged marrage to a young girl back in his father's village) at the same time he also began to become involved in politics joining the Tanganyika African Association (which wanted decolonisation and liberation from Imperialism for Tanganyika) between 1949-52 He wet abroad to study at Edinburgh Univercity. Following his return to Tanganyika in 1953, Nyerere Became an active decolonisation activist, he urged fellow anti-Imperialist to be as non-Violent as possible and is alleged to have been an an adirer of Mahatma Gandhi's non-Violent campaigns in India.

Following growing Pressure form the Tanganyika African Union (of which Nyerere was a prominent member) the British eventually Left Tanganyika in 1961. In 1962 Nyerere, who by this point was already a well know political and anti-colonial figure, was elected president. He would rule the country from between 1962-1985, during this time he pursued agricultural collecitvisation, education and literacy campaigns, and forged close links with other Socialist Nations - Notably Mao's China. Despite his close links with Marxist states, Nyerere was not a Marxist-Leninist and while he was in Office Nyerere delevloped his own unique form of African Socialism called [*Ujamaa*](https://en.wikipedia.org/wiki/Ujamaa)*.* In 1964 Zanzibar unified with Tanganyika to form the nation today known as Tanzania. In 1967 Nyerere issued the Arusha declation that afffermed his and his party's commitment to building a democratic, and Socialist Sociaty in Tanzania. Another notable achievement of Nyerere's was the 1978 invasion of Uganda, which ended the Tyranical reign of Idi Amin. In 1985 he steped down as leader of the CCM and advocated for a multy party system to be developed in the country, he did however continue to avocated for the CCM an Ujamaa in the late 80s- early 1990s.

Nyerere Died of complications from Leukemia in a London Hospital 1999, he was 77. His body was flown back to Tanzania and given a state funeral. Today he is greatly respected in the country and seen as the father of the nation.

&#x200B;

[Julius Nyerere, during the 1960s](https://preview.redd.it/q8oq0opu44a81.jpg?width=453&format=pjpg&auto=webp&s=709632f5587f57d92bb3539b994bfccd2e0a6588)"
Conservative,0,Capitalism,95,Why Socialism Failed 
Liberal,7,alltheleft,2,"My Fears Under Capitalism Everyday I think about my slowly aging parents, they're not really old yet but they're getting up there. They are relatively good in terms of income and while they work they can survive but I think about the day they're too old to work and i am to poor to help. It scares me, the fact that years from now I may be in a position where I am watching my parents rot and cannot help them. I then think that it is only getting worse and that one day if I have the gall to have kids that I will die poor, leaving them nothing and decaying. I do have some things that help counter these thoughts since I have an extremely supporting family where we all help each other when needed, financially or mentally but I think that these fears are worse for those isolated."
Conservative,8,conservatives,0,Trump addresses deadly invasion of Ukraine 
Liberal,4,alltheleft,1,Bugs? 
Conservative,0,Capitalism,13,"Hypothetical scenario Say one of you became god himself and was able to do anything. What would you do to make a territory or country more aligned with your ideology?

I'm **specially** interested on what an Anarcho-capitalist would do, but I'll hear everyone"
Conservative,10,Capitalism,11,Why are CEOs Paid Such High Salaries? | Thomas Sowell 
Liberal,4,SocialDemocracy,11,"European Party Regarding the European Elections, to which european party does the party you voted for in 2019, or Will vote in 2024, belong?
For non-EU members, I don't know... choose a country at random and tell us which eu party does your prefered party in that country belong to.

I would just do a poll, but oh well."
Liberal,6,alltheleft,27,"What is an objective view on China? So the past few days I have been going down a rabbit hole in China related stuff and I came to the conclusion that they are not really the uber Bad Guy the western media portray them as. 

But what really can be said about China? They did seem to make some big fuck ups in the past but I don't think it was because of some evil Idea the government had. 
 
Is China really bad? Are they just a little bit bad? I don't really know what I can believe anymore lol so I'm curious to your views."
Conservative,102,Capitalism,116,"Socialists: ""I'm going to dedicate MY ENTIRE LIFE to fighting the Pareto distribution anywhere I see it"" [https://en.wikipedia.org/wiki/Pareto\_distribution](https://en.wikipedia.org/wiki/Pareto_distribution)"
Liberal,1185,alltheleft,16,Yup 
Liberal,12,SocialDemocracy,8,"Danish and German soc dems, how do you feel about the church taxes in your countries? "
Conservative,10,conservatives,0,New York prosecutors leading Trump probe resign 
Conservative,4,Capitalism,0,Are you a domestic extremist? | Thomas SowellTV 
Conservative,17,Capitalism,50,"""I think it is time everyone in business and industry in this country recognize that for the second time in this century, business and the free enterprise system are under assault â€“ an unremitting assault by those who would change this system quite drastically."" Ronald Reagan This is even more true today, with woke culture attacking companies and government ever growing regulations."
Conservative,203,conservatives,23,Russian citizens protesting the war 
Liberal,16,SocialDemocracy,4,"Capitalism on Trial ft. Dr. HeemedOut (Heem) | Capitalism & democracy, the environment, and more "
Conservative,9,Capitalism,1,Worker's Paradise 
Conservative,3,conservatives,1,Trump to hold Rally for David Perdue before the May primary 
Liberal,1,alltheleft,3,GENNADY ZYUGANOV: IT IS TIME TO PUT A STOP TO NATOâ€™S ACTIONS TO TURN UKRAINE INTO A FASCIST STATE 
Liberal,7,alltheleft,2,Antifascist Role Models: Bela Lugosi 
Conservative,0,Capitalism,0,Who Owns Christmas? | A Look At The Companies Who Control Our Favorite Xmas Movies | 
Liberal,19,SocialDemocracy,5,"Thoughts on labor market monopsony? Introductory paragraph for those that aren't already aware, monopsony is the flipside of monopoly. A monopoly is a single seller while a monopsony is a single buyer. In the labor market, firms are the buyers of the labor that workers sell. Aside from restricted cases, there are no literal monopsonies. What we're really interested in is if there is concentrated power on one side in the form of some price setting power as opposed to price taking predicted by perfect competitive market conditions. We could call the ability to price set wages on the part of firms ""monopsony power.""

If you believe in monopsony power, you can justify a range of labor policies as being economically efficient, such that minimum wage laws and collective bargaining wouldn't lead to unemployment. So whether or not it exists feels very important to establish. Failing to establish labor market monopsony means conceding that strong labor policy sacrifices employment for some people (though it's a bullet you could perhaps make a case for biting.)

A counter I've heard is that low skilled laborers actually have a lot of firms available to them to work for. Going from a low skilled job to a completely different low skilled job, let's say from being a construction worker to being a retail worker, doesn't have high transition costs compared to say switching from being a chemical engineer to being a computer programer. Therefore low wage, low skilled workers ought to be experiencing less monopsony power than high skilled workers.

The good counter counter I've heard is job search frictions are what really causes monopsony power for most low skilled workers. Perfectly competitive labor economic theory predicts that any firm that attempts to set wages would lose all of its workers immediately. I'm sure there would be an increase in turnover, but a firm probably wouldn't lose literally all its potential workers. Partially because people don't perfectly monitor their other options, partially because of a prospect theory type thing where people are more likely to act to avoid loses than to gain, and partially because changing jobs is stressful, involves considerable cognitive effort and possibly even moving to really maximize income. That might give employers some leeway in being able to price set.

What are your thoughts though? Does it exist? Why does it exist? Can we point to good empirical evidence that it exists?"
Liberal,8,alltheleft,1,Four Soviet Innovations 
Liberal,44,SocialDemocracy,5,Turning Companies to Co-Ops with The American Workersâ€™ Bank 
Liberal,8,alltheleft,1,"Record-High 81 Jurisdictions Set to Raise Minimum Wages in 2022: Report | ""Underpaid workers, especially Black and brown workers, have been mobilizing to demand higher wages, safer workplace conditions, and dignified jobsâ€”and they're succeeding."" "
Liberal,247,alltheleft,4,Boomers don't do self-crit 
Conservative,0,Libertarian,2,Ukrainian TV tower taken out in Russian airstrike 
Conservative,72,Capitalism,40,"The worst part about work isn't my boss. It's my lazy, whiney, selfish co-workers... I know this isn't about capitalism but I need to vent because I'm tired and extremely frustrated. I'm sorry if this isn't allowed.

I go to work today and in the middle of trying to load about 5 trips of steel at about 1 ton each trip my co-worker leaves... ""I need to get to the bar"" he says. I'm pretty frustrated because yesterday he left and made a bunch of incorrect holes in some plates that I was working on so I stayed late and fixed them all.

I arrive at work and another co-worker immediately comes complaining and telling me I have to help him find a drill chuck. He doesn't have the time he says. My boss had informed me that I needed to deliver a beam to a jobsite so I didn't have time either.

Both of these co-workers are huge believers in their uncompensated value. They both believe that the company is exploiting them and that they aren't paid enough. Hogwash I say. Neither will lift a finger if I'm struggling with something. They think my boss is the problem but it's them...

I start school at 7:30 AM. My first break is from 9:20 - 10. My next one is from 11:20 - 12:30. I get out of class and go directly to work at 2:20. I'm off between 8-10 depending on homework. They think I shouldn't complain because I brought this on myself. 

I think they shouldn't complain because they are lazy assholes who deserve every ounce on misery they get. Someday if I own a business, I will treat the crappy employees like crap. I will reward the good ones with all of the money they earned and the money I would have paid the lousy workers if they weren't terrible employees. I will think of all the terrible co-workers in the world and I will hope that it's their kids that I'm taking unearned raises from and giving them to the workers who deserve it 

So yeah. I guess I feel a little better. Thanks."
Liberal,2,SocialDemocracy,6,"I am having trouble understanding Steve Keen's criticism of the Labor Theory of Value, would love some help Hi,

I am relatively new to marxist theory (sorry), but I have long been fascinated by economics in general.

So anyways, I recently listened to this podcast: [https://www.youtube.com/watch?v=Vwavxl-w\_Z4](https://www.youtube.com/watch?v=Vwavxl-w_Z4)

which interviews Australian Post-Keynesian Economics Professor Steve Keen.

I am currently trying to understand his critique of the Marxist Labor Theory of Value.

He starts to talk about it around 29:40 for those interested, and expands until about 35:00-ish.

Anyways,

This is my understanding, is this correct:

The use value of labor power is the value it can create, i.e. the value and use value of labor power are the same. This means, that the surplus value of labor is measured by taking the Exchange value and subtracting the value (use value) from it. So Surplus = Exchange - use.

The exchange value of labor is its wages, and its use-value is the value of the products it can create.

A similar logic applies to machines. Their use value is what they can produce. And the exchange value is the price of production.

Therefore they too can create a surplus value.

I asked this of a Marxist and the response I got was this:

>Machinery can't add any value because this constant capital will regulate the socially necessary labor time on a given market. Which means once every capitalist has the same technology / machine, the only thing that will regulate the profit / value creation is the abstract labor itself

&#x200B;

But I don't feel that really touches on the argument Keen is making right? Because Marx was using the whole use-value exchange-value paradigm to prove the labor theory of value right?

I checked the wikipedia and found this part, which I really didn't understand:

>Keen further observes that while Marx insisted that the contribution of  machines to production is solely their use-value and not their  exchange-value, he routinely treated the use-value and exchange-value of  a machine as identical, despite the fact that this would contradict his  claim that the two were unrelated.[\[54\]](https://en.wikipedia.org/wiki/Labor_theory_of_value#cite_note-57)  Marxists respond by arguing that use-value and exchange-value are  incommensurable magnitudes; to claim that a machine can add ""more  use-value"" than it is worth in value-terms is a [category error](https://en.wikipedia.org/wiki/Category_error). According to Marx, a machine by definition cannot be a source of *human* labor.[\[55\]](https://en.wikipedia.org/wiki/Labor_theory_of_value#cite_note-58)[\[56\]](https://en.wikipedia.org/wiki/Labor_theory_of_value#cite_note-59)  Keen responds by arguing that the labor theory of value only works if  the use-value and exchange-value of a machine are identical, as Marx  argued that machines cannot create surplus value since as their  use-value depreciates along with their exchange-value; they simply  transfer it to the new product but create no new value in the process.[\[57\]](https://en.wikipedia.org/wiki/Labor_theory_of_value#cite_note-60) Keen's machinery argument can also be applied to [slavery](https://en.wikipedia.org/wiki/Slavery) based modes of production, which also profit from extracting more use value from the laborers than they return to laborers.

[https://en.wikipedia.org/wiki/Labor\_theory\_of\_value](https://en.wikipedia.org/wiki/Labor_theory_of_value#Karl_Marx)

Is my understanding of Keen's criticism correct?

So ultimately he argues that a machine can create a surplus. But,

>Machinery can't add any value because this constant capital will regulate the socially necessary labor time on a given market. Which means once every capitalist has the same technology / machine, the only thing that will regulate the profit / value creation is the abstract labor itself

means that it's wrong to say machines are a source of value?

&#x200B;

I am confused and would love some help clarifying"
Conservative,0,Libertarian,16,One issue I hope the Libertarians will use in their platform One Issue I would like Libertarians' to discuss is the issue of Cyber-Bullying
Liberal,3,alltheleft,1,U.S.-funded groups in Europe lobby to kill Nord Stream 2 gas pipeline 
Conservative,27,conservatives,0,Truth 
Conservative,26,conservatives,2,"Aboriginal peaceful protester trampled by RCMP horse unit in Ottawa.Candice Sero, an aboriginal Mohawk residing in Tyendinaga Mohawk Territory in Hasting County was in Ottawa protesting vaccine mandates when she was trampled by RCMP horse units and kicked by other police while on the ground. "
Conservative,3,conservatives,0,"Trump SPAC Rallies After Social-Media Launch, Despite Glitches "
Liberal,3,alltheleft,1,Neo-fascists with NSC131 stood outside B & W Hospital in Massachusetts yesterday 
Conservative,5,Libertarian,1,Texaco & Ecuador 
Liberal,15,alltheleft,2,"DSA International Committee is raising money for the Zapatistas who have been under paramilitary attacks recently, share or donate if you can "
Conservative,6,Capitalism,0,Economic freedom by the numbers 
Conservative,17,Libertarian,26,"Iâ€™m not sure what to think Iâ€™m somewhat concerned about the recent vote in the Canadian House of Commons. I live in this interesting country. The results have been unfortunate and seem like maybe some of â€œthe far rightâ€ ideas about what maybe going on, are of maybe any truth ? Hard to say, Iâ€™m really concerned about my finances now. 


I havenâ€™t donated or been publicly supporting any of the convoys activities. Iâ€™m still just concerned."
Liberal,167,SocialDemocracy,90,Ukraine deserves our help and support against Imperialism and oppression 
Conservative,25,Libertarian,29,"Iâ€™ve really been pondering the changes that would come about if income taxes were not directly taken out of payroll and rather had to be paid like any other bill. Would this cause an instant exponential growth in libertarian support? I think it certainly would get tax payers more engaged in evaluating where their tax dollars were going, but I am uncertain on if it would impact change in the actual participation in the two party system."
Conservative,3,Capitalism,0,This HBCU Alum Turned a College Fair Into An Organization That Generated $52M in Scholarships-Here's How... 
Liberal,540,alltheleft,27,"On this day in 1890, the U.S. Army committed the Wounded Knee Massacre, slaughtering hundreds of Lakota people, most of whom were women, children, or disarmed men. For this atrocity, twenty U.S. soldiers were awarded the Medal of Honor. "
Liberal,22,alltheleft,1,Oshkosh Corporation Seeks Non-Union Labor to Build Postal Trucks 
Conservative,5,conservatives,3,On The Border: Border Officers Seize Meth Disguised As Onions 
Liberal,0,alltheleft,1,"The Civil Fleet Podcast Episode 18: Iason Apostolopoulos, a search-and-rescue coordinator with Italian refugee rescuers Mediterranea: Saving Humans, talks about the Mare Jonio's latest refugee rescue mission, the police's attempts to stop them, & why the Greek government cancelled his medal of honor "
Liberal,39,alltheleft,1,What hope is left when this is how the public thinks 
Liberal,584,alltheleft,45,I did nazi that coming. 
Conservative,136,conservatives,13,Saw this on fb 
Conservative,6,Capitalism,33,"""Fighting for free enterprise means standing up for free markets. The freedom to succeed includes the freedom to fail. We must defend entrepreneurial capitalism against the onslaught of the American Left."" Mike Pence "
Conservative,5,conservatives,0,We are not a serious country (4) 
Conservative,0,Libertarian,19,"As usual, Ron Paul nails it again -- ""It All Comes Back to NATO"" "
Conservative,0,Libertarian,29,"Is it surprising I was banned from r/Benshapiro? For the past two days, I posted two memes for some laughs. Both got a fair amount of attention and were not overtly rude.

A few people inboxed me. One particular redditor (which turned out to be a mod) told me to â€œplease refrain from low effort posts in the subâ€. My confusion turned to dismissal, so I responded that I didnâ€™t care what they thought. Keep scrolling.

Keep in mind that this person did not identify themselves as a mod (which I may have given them a tad more respect). And I didnâ€™t not use any foul language in my response to them. 

Is it surprising to get banned from a sub that is supposed to despise censorship?"
Liberal,181,SocialDemocracy,132,New York City allows immigrants to vote in 2023. 
Liberal,21,alltheleft,4,"TIL that according to the U.S. Department of Education, 54% of U.S. adults lack proficiency in literacy, reading below the equivalent of a sixth-grade level. "
Conservative,113,Capitalism,423,How do you guys feel about unions? 
Conservative,15,conservatives,1,"Mike Pence calls on Biden to hit Russia harder, restart Keystone Pipeline: 'Putin only understands strength' "
Liberal,8,alltheleft,1,It's Not 'Encouraging' That Mostly the Disabled Die Despite Covid Shots - FAIR 
Conservative,54,conservatives,26,"Statement by Donald J. Trump, 45th President of the United States of America If my energy policy had remained in place, where we were energy independent, and would have soon been bigger in production than Saudi Arabia and Russia combined, the world would have had no problems whatsoever. This war should never have started in the first place. If the Election wasnâ€™t Rigged, America would right now continue to have record-low gas prices, as it was under my Administration, and we would be supplying the world with oil and gas. Also, Russia would not have attacked Ukraine. Instead, we have a horribly tragic and unnecessary war, record-high energy prices, Inflation, no Border, crime, and chaos. Make America STRONG Again!"
Conservative,8,conservatives,3,WATCH: Teacher Says Conservatives â€˜Need To Get COVID And Dieâ€™ 
Conservative,0,Capitalism,22,Are Libertarianism and Conservatism Reconcilable 
Conservative,1,Capitalism,0,"These holiday menu staples will be hardest hit by supply chain issues and price hikesâ‹®â‹® The issue here isnâ€™t so much with the ingredients, but rather with the packaging those ingredients come in. Aluminum cans, glass jars and bottles are all tied up in shipping bottlenecks on their way from China... "
Liberal,7,SocialDemocracy,8,Are social democrats on the centre of the political spectrum or towards the centre-left? Just curious
Liberal,133,alltheleft,5,A testimony of one of the Red Army soldiers who liberated Auschwitz 
Conservative,12,Capitalism,5,Has China built too much high speed rail? 
Conservative,1,Capitalism,0,"How to calculate a Pareto distribution of wealth across a population size? Can someone help?

I have a population size (greater than 1,000) and want to calculate what each individualâ€™s net worth as a percentage of the whole. 

Can someone help me walk through what I would put for each of the variables in paretoâ€™s formula?

Thank you!"
Liberal,5,alltheleft,1,Dream girl 
Conservative,0,Capitalism,1,Days of NHS Spending (@DaysofNHS)- There should be an equivalent of this for every public service 
Conservative,0,Libertarian,26,"Your hate speech bot is Orwellian That's all needs to be said.  
You're not real Libertarians :)"
Liberal,14,alltheleft,4,RALLY AGAINST ANDY NGO 
Liberal,0,alltheleft,3,"is there any acid that can make the glass â€œruinedâ€ in a way that sticks plastic or fabric on? I want to find some acid that I can use to put a banner up, I dont want to use glue "
Liberal,14,SocialDemocracy,9,"How would a heavy tax on billionaires be implemented if the richest billionaires make the majority of their wealth off of appreciation in value on their stocks and assets? From what I understand, most billionaires make increase their net worth in stocks and assets rather than traditional income. They pay low income tax because their actual salary is usually pretty low compared to their money from stocks and assets. Most of their money spent comes from borrowing from their assets. This in mind, how would a tax on billionaires be implemented, since they are *technically* allowed to be doing what theyâ€™re doing right now."
Conservative,0,Libertarian,1,Putin asks parliament for right to use Russian military abroad 
Liberal,17,SocialDemocracy,6,"Would you support the policy idea of the state subsidizing cooperatives? This would include housing cooperatives, worker cooperatives, credit unions, mutual savings banks, community land trusts and so on."
Conservative,0,Libertarian,0,The Speech President Biden Should Give (John Stossel) 
Liberal,12,alltheleft,3,"The EARN IT act has come back into Senate, and could potentially kill encryption. We need to make sure it isnâ€™t passed. "
Conservative,7,conservatives,0,'I Just Think America Deserves That Moment': GOP Rep. Matt Gaetz Says He Spoke With Trump About Becoming the House Speaker 
Liberal,856,alltheleft,43,I'm sure the innocent civilians that are on the receiving end of American imperialism will be thrilled! 
Liberal,391,alltheleft,21,Chuds stop trying to make leftists look cool challenge. 
Liberal,864,alltheleft,83,"Corporate Critics Slight McKay's 'Dont Look Up' Critical of Corporate Media, but Audiences Enjoy it "
Liberal,7,SocialDemocracy,0,Meredith Burgmann â€” Inside Out: On Being Labor and Being Left 
Liberal,13,SocialDemocracy,22,"What is a reactionary? What is a reactionary? Like I think I know, but I don't feel like I understand it. Sorry if it's a stupid question, this might be coming from the fact that in my language it's not really used as term, we just have conservative.

From common use one can make the conclusion that reactionary=conservative, but is it though?

from wikipedia:

> In political science, a reactionary or a reactionist is a person who holds political views that favor a return to the status quo ante, the previous political state of society, which that person believes possessed positive characteristics absent from contemporary society. 


From the above description I would make a conclusion that a reactionary is someone that does not necessarily have an ideology on how things should be, but simply prefers things to a prior state of things - left or right. For example if a conservative government made a change that I dislike and want to revert it, it would make me a reactionary. Another example, someone sympathetic to the soviet regime wanting things to go back as they were (I'm from the Baltics) is also a reactionary. But a conservative party implementing Reagan/Thatcher type economic reforms in the Baltics would not be reactionary as there was never a precedent for them, but still could be considered conservative?

This would make reactionaries VERY context specific.

Also, left wingers wanting to go back to some type of new-deal type economics could be also considered a reactionary?

Edit: it seems like ""reactionary"" tends to have negative connotations, and for me it seems to be - ""it depends""."
Liberal,17,alltheleft,4,"No, he wants to permanently eliminate laborers. "
Liberal,1,alltheleft,1,Ecosocialist Alliance Set to Continue â€“ Invitation to Open Meeting 
Conservative,3,Libertarian,45,"Help figuring out Libertarian ideas on economics Hi, I'm new to the realm of libertarianism and politics in general so please bear with me if this has been asked before haha. I have asked around but I think people assume I am a troll or an idiot so I just decided to make a post.... I have always liked the ideas about individual freedoms and the ability to have complete agency over your life which is why I am here. One of the main questions that arise in my mind now that I take a serious look at libertarian ideas is how we address the question of big business. I am curious what your guys thoughts are about, what I would see as, the natural path of big business unhampered by regulation. I think back to learning about Standard Oil or Carnegie Steel etc and how they eventually bought up everything from the natural resource sites, to the means of transporting it, to the factories making the products etc... making it essentially impossible to enter the market as a small business.  With the lack of competition, or even with competition, when I look back at times with less regulation I see things like workers being paid at subsistence rates and massive income inequality. I see things like the triangle factory fire where the factory was literally locking people in to work. 100+people per 1 toilet etc. I kind of feel like if left unhampered big corporations would become incredibly powerful. They already manipulate the government with their massive amount of power and money, it seems if they could have it their way they would get rid of all regulations on them all together and are glad to have libertarian support in that way. Is there a general consensus on how to approach these difficult topics without government intervention?  As a side note, it almost seems like you'd end up in a new age feudal Jeff Bezos/Elon Musk run city if you really took it to the extreme, nothing would stop someone that rich from raising a private army/police force right? Thanks for the time, I'm sure I'm missing some major points as this is extremely broad and as I said I'm fairly new."
Liberal,8,alltheleft,13,"What are people's thoughts on Russia's recent actions? I personally don't like it, but I am curious to hear about if any people have any other perspectives."
Liberal,1,alltheleft,12,"What's this sub's position on China? I know it's gonna be varied but still.  I know China:

A. Supported the Nepali Monarchy during the Nepali civil war from 1996 - 2006. Keep in mind they were fighting MLM guerrillas who eventually won.

B. Supports the Burmese dictatorship, which most Burmese people hate

C. According to what I've heard, is supporting the current government in Khazakstan

It seems obvious they've drifted way too far away from what they started off as when the CCP took power. I wanted to like Xi Jinping and was somewhat hopeful when he said he wanted to increase state ownership over the economy, but recently it seems they are just following the money path even when it's pro-oppression."
Liberal,22,SocialDemocracy,2,The Lebanese Social Liberal Party Minteshreen is calling for volunteers now that elections are close! Registeation is open to everyone residing in Lebanon or outside regardless of nationality. 
Conservative,2,conservatives,0,Judge Jeanine doubtful that Ukraine can fight 'thug' Putin alone 
Liberal,3,alltheleft,1,Biden: A Year in Review 
Conservative,0,Libertarian,116,"The ""fascism is only far right"" narrative A quick search for ""What is fascism"" pulls up many MSM outlets describing it as a ""far-right"" ideology. I find it very ironic that the raging left liberal Trudeau is showing us in real time what fascism really is. Think they'll change their definition now?"
Conservative,0,Libertarian,32,Itâ€™s hilarious to see so many world leaders who shut their countries down and arrest people for not wearing mask call Putin a dictator. 
Liberal,22,SocialDemocracy,8,Biden announces a sweeping methane plan â€“ here's why cutting the greenhouse gas is crucial for protecting climate and health 
Conservative,212,Capitalism,44,NY Post: Pelosi Makes Up to $30 Million on Insider Stock Trades 
Conservative,0,Libertarian,12,Nationalism or patriotism is code for racist White Supremacy. 
Conservative,0,Libertarian,18,"Who has it harder, women or men? Hi all ! Iâ€™m conducting a survey about hardships women and men face in todays society. The survey should only take a few minutes, is completely anonymous and would help me out a lot! Thanks all

[who has it harder, women or men?](https://forms.gle/SokRdFU9zrLtAJmp6)"
Conservative,6,Libertarian,12,"Thoughts on the Difficulty of a Libertarian movement in the US This is a follow up to a comment I made on a post about property rights.

Consider for a moment why we have rights.

Rights seem self evident, they seem to justify themselves, there is no need for religious or moral arguments for things like free speech, freedom of the press, due process of law etc. but why do we have these things?

The answer is that we have rights, and a need to exercise them when we do things that others do not want us to do.

Who exercises free speech? We all do, but we only discuss the **right** to freedom of speech when people say contentious things about large groups of people who get mad about it. Consider the Westboro Baptist Church, they are almost always mentioned in Free Speech discussions, and why? They do things which a lot of people disagree with (admittedly, many do agree with them).

In terms of property for example, if a libertarian party advocated for stronger individual property rights, that is quite agreeable.

But consider on a local scale, some neighbors advocating for increased property rights would likely come at the detriment of some other person in that neighborhood. One  person saying ""I want the right to start a business at my home without government intervention"" and that persons neighbor might say ""I want to live in a neighborhood which is free from the busyness which a business brings"".

Both of these people would like their individual rights recognized and vindicated, yet if either person got their rights vindicated, it would come at the detriment of the other.

So a libertarian advocating for more property rights in general gets into a bit of a pickle, who's rights are better? Do we just ask the entire neighborhood? What of the neighbor who does not get their way, they have been deprived of something they desire simply due to his local majority opinion, and perhaps that is how democracy is supposed to work.

I do quite like this sub, I think we have great discussions here and I believe that we all have each others interests in mind, regardless of your tilt to the ""left"" or ""right"", but I have come to a conclusion that if we want to create a movement with a focus on individual liberty, we must prioritize something beyond just vindicating individual rights and the free market. I do not know what that thing is, or should be, and perhaps the idea of a focused, institutional goal is against what some believe libertarianism is all about.  I invite suggestions and other thoughts. I just feel that in today's society, solutions to our problems are not as always as simple as shortening the arms government. Though, if somebody can suggest otherwise I would be happy to hear"
Conservative,3,conservatives,0,Biden DOJ Shuts Down Trump-Era â€˜China Initiativeâ€™ to Counter Chinese Espionage â€º American Greatness 
